,ML
2021-07-10 00:00:00,1.220846284050216
2021-07-10 01:00:00,1.203740737925766
2021-07-10 02:00:00,1.1943670296138333
2021-07-10 03:00:00,1.185475946831503
2021-07-10 04:00:00,1.1768433071487292
2021-07-10 05:00:00,1.1691932677034853
2021-07-10 06:00:00,1.1564201141823531
2021-07-10 07:00:00,1.1468235225609293
2021-07-10 08:00:00,1.1413586118549712
2021-07-10 09:00:00,1.1190553191462864
2021-07-10 10:00:00,1.1109114400675473
2021-07-10 11:00:00,1.0799874786505217
2021-07-10 12:00:00,1.1384550936052236
2021-07-10 13:00:00,1.1282825513001558
2021-07-10 14:00:00,1.1453997616646796
2021-07-10 15:00:00,1.1592708352424559
2021-07-10 16:00:00,1.2580218393276812
2021-07-10 17:00:00,1.379148881392524
2021-07-10 18:00:00,1.4974385668646268
2021-07-10 19:00:00,1.5714291710369703
2021-07-10 20:00:00,1.5633245927050916
2021-07-10 21:00:00,1.5569719183769892
2021-07-10 22:00:00,1.6072862837585724
2021-07-10 23:00:00,1.6415806439337026
2021-07-11 00:00:00,2.391053638104429
2021-07-11 01:00:00,2.4466806753561894
2021-07-11 02:00:00,2.4778561884451964
2021-07-11 03:00:00,2.5827149429373986
2021-07-11 04:00:00,2.616551729803085
2021-07-11 05:00:00,2.676652923514449
2021-07-11 06:00:00,2.7287925518972935
2021-07-11 07:00:00,2.771361002510478
2021-07-11 08:00:00,2.812340786943822
2021-07-11 09:00:00,2.858840871361192
2021-07-11 10:00:00,2.8731699302927183
2021-07-11 11:00:00,2.860917837155677
2021-07-11 12:00:00,2.8017288118468002
2021-07-11 13:00:00,2.7962349786029526
2021-07-11 14:00:00,2.7064913942666786
2021-07-11 15:00:00,2.694187791137997
2021-07-11 16:00:00,2.6910166024654094
2021-07-11 17:00:00,2.676208930094419
2021-07-11 18:00:00,2.653484318203625
2021-07-11 19:00:00,2.632622053264351
2021-07-11 20:00:00,2.6093052705181607
2021-07-11 21:00:00,2.5940721105597495
2021-07-11 22:00:00,2.5755745546190414
2021-07-11 23:00:00,2.5534582208298295
2021-07-12 00:00:00,2.4783486774921055
2021-07-12 01:00:00,2.480130931682755
2021-07-12 02:00:00,2.469412499529456
2021-07-12 03:00:00,2.457227492025249
2021-07-12 04:00:00,2.4528382343835187
2021-07-12 05:00:00,2.4384472361037366
2021-07-12 06:00:00,2.375897370412435
2021-07-12 07:00:00,2.3483497376241305
2021-07-12 08:00:00,2.3133748767930813
2021-07-12 09:00:00,2.2576859391020836
2021-07-12 10:00:00,2.198984562598702
2021-07-12 11:00:00,2.150206075065892
2021-07-12 12:00:00,2.006659375176622
2021-07-12 13:00:00,1.9840651316399776
2021-07-12 14:00:00,1.960017543824715
2021-07-12 15:00:00,1.9372085784084259
2021-07-12 16:00:00,1.9329143749581446
2021-07-12 17:00:00,1.913503276835092
2021-07-12 18:00:00,1.8842916420486244
2021-07-12 19:00:00,1.8602695721569267
2021-07-12 20:00:00,1.8213615280104196
2021-07-12 21:00:00,1.7927161666387017
2021-07-12 22:00:00,1.7638975883820451
2021-07-12 23:00:00,1.7183488156555051
2021-07-13 00:00:00,1.5632061289178614
2021-07-13 01:00:00,1.5439438464047037
2021-07-13 02:00:00,1.52836087314932
2021-07-13 03:00:00,1.5073629867676976
2021-07-13 04:00:00,1.4902356987265086
2021-07-13 05:00:00,1.4699118329975362
2021-07-13 06:00:00,1.4565297467016414
2021-07-13 07:00:00,1.439945948049877
2021-07-13 08:00:00,1.4290657598020575
2021-07-13 09:00:00,1.4128822092241828
2021-07-13 10:00:00,1.3942031845171465
2021-07-13 11:00:00,1.377076295933654
2021-07-13 12:00:00,1.2599735894030966
2021-07-13 13:00:00,1.2472882060076171
2021-07-13 14:00:00,1.2373276003313964
2021-07-13 15:00:00,1.2219262392170271
2021-07-13 16:00:00,1.2166123300299583
2021-07-13 17:00:00,1.2025598043169397
2021-07-13 18:00:00,1.1972573512497473
2021-07-13 19:00:00,1.1882574899234875
2021-07-13 20:00:00,1.1802268604747408
2021-07-13 21:00:00,1.1711476609123375
2021-07-13 22:00:00,1.1578569120319886
2021-07-13 23:00:00,1.1503869244874867
2021-07-14 00:00:00,1.0624600409412521
2021-07-14 01:00:00,1.0514164671803827
2021-07-14 02:00:00,1.053696535384906
2021-07-14 03:00:00,1.0518090984010644
2021-07-14 04:00:00,1.0567354237441642
2021-07-14 05:00:00,1.067462247878797
2021-07-14 06:00:00,1.0763958928532562
2021-07-14 07:00:00,1.1374111773570859
2021-07-14 08:00:00,1.1548644500392677
2021-07-14 09:00:00,1.1715632520067951
2021-07-14 10:00:00,1.188020681352934
2021-07-14 11:00:00,1.2093824573273337
2021-07-14 12:00:00,1.1442199660002876
2021-07-14 13:00:00,1.1536527095089872
2021-07-14 14:00:00,1.1658680078022148
2021-07-14 15:00:00,1.1774889595175846
2021-07-14 16:00:00,1.193165334300472
2021-07-14 17:00:00,1.2086848945269133
2021-07-14 18:00:00,1.2348743091643237
2021-07-14 19:00:00,1.2634164497463651
2021-07-14 20:00:00,1.3002085812760027
2021-07-14 21:00:00,1.3433552088719047
2021-07-14 22:00:00,1.3866899407477618
2021-07-14 23:00:00,1.390022771651914
2021-07-15 00:00:00,1.454429345054138
2021-07-15 01:00:00,1.4662457714513226
2021-07-15 02:00:00,1.4856959654502804
2021-07-15 03:00:00,1.4752638586300033
2021-07-15 04:00:00,1.4590491622071375
2021-07-15 05:00:00,1.4748343823368795
2021-07-15 06:00:00,1.5520813162584077
2021-07-15 07:00:00,1.515007390727556
2021-07-15 08:00:00,1.4863986356799488
2021-07-15 09:00:00,1.4379756674178852
2021-07-15 10:00:00,1.4342141574282146
2021-07-15 11:00:00,1.4387321587771378
2021-07-15 12:00:00,1.195774274069979
2021-07-15 13:00:00,1.229746406747189
2021-07-15 14:00:00,1.1776970632270256
2021-07-15 15:00:00,1.2208536570816897
2021-07-15 16:00:00,1.1983991024747016
2021-07-15 17:00:00,1.1952027067655973
2021-07-15 18:00:00,1.2475758689195355
2021-07-15 19:00:00,1.2779253702861415
2021-07-15 20:00:00,1.2907988786465594
2021-07-15 21:00:00,1.2870029119409705
2021-07-15 22:00:00,1.2689860627557912
2021-07-15 23:00:00,1.2608785303623442
2021-07-16 00:00:00,1.2369292468321422
2021-07-16 01:00:00,1.2701615607438732
2021-07-16 02:00:00,1.29465219728686
2021-07-16 03:00:00,1.2556715749797933
2021-07-16 04:00:00,1.262671515095906
2021-07-16 05:00:00,1.2280987207268825
2021-07-16 06:00:00,1.2056736312821004
2021-07-16 07:00:00,1.1638525866886513
2021-07-16 08:00:00,1.1487025271224651
2021-07-16 09:00:00,1.1996045705071727
2021-07-16 10:00:00,1.1988737619377154
2021-07-16 11:00:00,1.2227532111125825
2021-07-16 12:00:00,1.2205520169077437
2021-07-16 13:00:00,1.1757848638766089
2021-07-16 14:00:00,1.1779771219978306
2021-07-16 15:00:00,1.1448231538261269
2021-07-16 16:00:00,1.1052777520434318
2021-07-16 17:00:00,1.084290029481375
2021-07-16 18:00:00,1.0865379872868968
2021-07-16 19:00:00,1.0726782846857519
2021-07-16 20:00:00,1.094076162671105
2021-07-16 21:00:00,1.0811289382316944
2021-07-16 22:00:00,1.0156818235881062
2021-07-16 23:00:00,0.8959277246885188
2021-07-17 00:00:00,0.867301096520578
2021-07-17 01:00:00,0.811267578539414
2021-07-17 02:00:00,0.7441629506804235
2021-07-17 03:00:00,0.73683981646483
2021-07-17 04:00:00,0.7640020442173566
2021-07-17 05:00:00,0.8794839620853109
2021-07-17 06:00:00,1.0113787058480723
2021-07-17 07:00:00,0.7692781192190413
2021-07-17 08:00:00,0.7434070193600233
2021-07-17 09:00:00,0.7065725767411843
2021-07-17 10:00:00,0.672090851782695
2021-07-17 11:00:00,0.6465620737713477
2021-07-17 12:00:00,0.6967014621876549
2021-07-17 13:00:00,0.658524843541166
2021-07-17 14:00:00,0.6348342761870865
2021-07-17 15:00:00,0.6379053266900803
2021-07-17 16:00:00,0.6540181812942855
2021-07-17 17:00:00,0.6643213125539648
2021-07-17 18:00:00,0.6687523664997657
2021-07-17 19:00:00,0.9312023257855592
2021-07-17 20:00:00,0.8244237064950387
2021-07-17 21:00:00,0.6674514094265054
2021-07-17 22:00:00,0.8199087594965976
2021-07-17 23:00:00,0.8646417933178422
2021-07-18 00:00:00,0.24561097649543787
2021-07-18 01:00:00,0.30868602097305375
2021-07-18 02:00:00,0.6227499925471832
2021-07-18 03:00:00,0.5990283111510132
2021-07-18 04:00:00,0.6504930484823791
2021-07-18 05:00:00,0.6440444187116238
2021-07-18 06:00:00,0.640628786789066
2021-07-18 07:00:00,0.6364175955832553
2021-07-18 08:00:00,0.6314975001286971
2021-07-18 09:00:00,0.6284888319564689
2021-07-18 10:00:00,0.6445614539590787
2021-07-18 11:00:00,0.6660400731717203
2021-07-18 12:00:00,0.7166997027375663
2021-07-18 13:00:00,0.7156309013866214
2021-07-18 14:00:00,0.7171124531747696
2021-07-18 15:00:00,0.722273590098977
2021-07-18 16:00:00,0.7251121224213662
2021-07-18 17:00:00,0.7293268935385826
2021-07-18 18:00:00,0.7283190776321883
2021-07-18 19:00:00,0.7221948001711506
2021-07-18 20:00:00,0.7159323128011615
2021-07-18 21:00:00,0.7072874233498146
2021-07-18 22:00:00,0.701411395043337
2021-07-18 23:00:00,0.6954454897476611
2021-07-19 00:00:00,0.7285579239540653
2021-07-19 01:00:00,0.7204454353008396
2021-07-19 02:00:00,0.7209677685469007
2021-07-19 03:00:00,0.718357366876324
2021-07-19 04:00:00,0.7296661105711287
2021-07-19 05:00:00,0.7376065808003898
2021-07-19 06:00:00,0.7475029486358832
2021-07-19 07:00:00,0.7500418453097598
2021-07-19 08:00:00,0.7547726552603151
2021-07-19 09:00:00,0.756383822391505
2021-07-19 10:00:00,0.7546680836397051
2021-07-19 11:00:00,0.7487551335119462
2021-07-19 12:00:00,0.7739597197524838
2021-07-19 13:00:00,0.7631838160174281
2021-07-19 14:00:00,0.7498547614025407
2021-07-19 15:00:00,0.7337527270474231
2021-07-19 16:00:00,0.7190745364684175
2021-07-19 17:00:00,0.7018029790884072
2021-07-19 18:00:00,0.6942667103679486
2021-07-19 19:00:00,0.6742915970531713
2021-07-19 20:00:00,0.6572892445689058
2021-07-19 21:00:00,0.6237329597644635
2021-07-19 22:00:00,0.6062395557215602
2021-07-19 23:00:00,0.5938939174364123
2021-07-20 00:00:00,0.6221383423149318
2021-07-20 01:00:00,0.6252072205907796
2021-07-20 02:00:00,0.6291392848576413
2021-07-20 03:00:00,0.6284218151948823
2021-07-20 04:00:00,0.6253222392449655
2021-07-20 05:00:00,0.6200047250742072
2021-07-20 06:00:00,0.6032027387701729
2021-07-20 07:00:00,0.597956417505287
2021-07-20 08:00:00,0.5938449974121358
2021-07-20 09:00:00,0.5918511444174431
2021-07-20 10:00:00,0.5840417529295979
2021-07-20 11:00:00,0.5629940018769591
2021-07-20 12:00:00,0.5681902482105518
2021-07-20 13:00:00,0.5557495165399472
2021-07-20 14:00:00,0.5470397426382252
2021-07-20 15:00:00,0.5410820718370998
2021-07-20 16:00:00,0.5322027070958482
2021-07-20 17:00:00,0.5298055127563668
2021-07-20 18:00:00,0.5328057233608591
2021-07-20 19:00:00,0.5416371382628044
2021-07-20 20:00:00,0.5666325373451481
2021-07-20 21:00:00,0.5950401310812896
2021-07-20 22:00:00,0.6218942227384957
2021-07-20 23:00:00,0.6197994295784065
2021-07-21 00:00:00,0.622603302861223
2021-07-21 01:00:00,0.6175794310462958
2021-07-21 02:00:00,0.6326748475372451
2021-07-21 03:00:00,0.6160028495008668
2021-07-21 04:00:00,0.6277814421410169
2021-07-21 05:00:00,0.6293761310661656
2021-07-21 06:00:00,0.636217051619778
2021-07-21 07:00:00,0.6708555723392164
2021-07-21 08:00:00,0.49126521386664224
2021-07-21 09:00:00,0.49491770312536376
2021-07-21 10:00:00,0.488751992755004
2021-07-21 11:00:00,0.4556646784087355
2021-07-21 12:00:00,0.6183518385682152
2021-07-21 13:00:00,0.6382168315377632
2021-07-21 14:00:00,0.6370366220697582
2021-07-21 15:00:00,0.6494790798303184
2021-07-21 16:00:00,0.6362272731608515
2021-07-21 17:00:00,0.6359833071045077
2021-07-21 18:00:00,0.6527922979890425
2021-07-21 19:00:00,0.6541312108706109
2021-07-21 20:00:00,0.8537549278977882
2021-07-21 21:00:00,0.8691725153116096
2021-07-21 22:00:00,0.90861621417104
2021-07-21 23:00:00,0.9683494541990479
2021-07-22 00:00:00,2.246966811885538
2021-07-22 01:00:00,2.2333173506703137
2021-07-22 02:00:00,2.19152976029173
2021-07-22 03:00:00,2.138528721057147
2021-07-22 04:00:00,2.0864832266481375
2021-07-22 05:00:00,2.043226702353696
2021-07-22 06:00:00,1.9864019001671884
2021-07-22 07:00:00,1.9142666994127795
2021-07-22 08:00:00,1.8451616597222615
2021-07-22 09:00:00,1.7696170297174614
2021-07-22 10:00:00,1.691049310259722
2021-07-22 11:00:00,1.6043665824817952
2021-07-22 12:00:00,1.3915022562719905
2021-07-22 13:00:00,1.3444394126029195
2021-07-22 14:00:00,1.2994357012428073
2021-07-22 15:00:00,1.273585858785847
2021-07-22 16:00:00,1.254235195169136
2021-07-22 17:00:00,1.227271861292525
2021-07-22 18:00:00,1.2101491986387047
2021-07-22 19:00:00,1.196538363968231
2021-07-22 20:00:00,1.1772920993506968
2021-07-22 21:00:00,1.1572756428559619
2021-07-22 22:00:00,1.1402775797721336
2021-07-22 23:00:00,1.1237741867289965
2021-07-23 00:00:00,0.9427333167047637
2021-07-23 01:00:00,0.9251222543239223
2021-07-23 02:00:00,0.904843612508638
2021-07-23 03:00:00,0.8876301075702832
2021-07-23 04:00:00,0.8713841048517658
2021-07-23 05:00:00,0.8528941592656517
2021-07-23 06:00:00,0.8349789332066683
2021-07-23 07:00:00,0.8166188408057969
2021-07-23 08:00:00,0.8042959658547558
2021-07-23 09:00:00,0.7946632749423327
2021-07-23 10:00:00,0.7849781413008897
2021-07-23 11:00:00,0.7870773512969104
2021-07-23 12:00:00,0.7303850317175363
2021-07-23 13:00:00,0.7391946511157518
2021-07-23 14:00:00,0.7581528357299454
2021-07-23 15:00:00,0.7927702563193025
2021-07-23 16:00:00,0.74224245276597
2021-07-23 17:00:00,0.7521548373020522
2021-07-23 18:00:00,0.759368308303482
2021-07-23 19:00:00,1.0157228230724227
2021-07-23 20:00:00,1.4022248502483368
2021-07-23 21:00:00,1.3969364219396827
2021-07-23 22:00:00,1.4728947344110754
2021-07-23 23:00:00,1.468594647726907
2021-07-24 00:00:00,1.246796831180561
2021-07-24 01:00:00,1.2332324914986357
2021-07-24 02:00:00,1.189680734279135
2021-07-24 03:00:00,1.1398074167157592
2021-07-24 04:00:00,1.1322261291989435
2021-07-24 05:00:00,1.131524513905159
2021-07-24 06:00:00,1.1808264567092162
2021-07-24 07:00:00,1.1742938826442144
2021-07-24 08:00:00,1.1358646281624374
2021-07-24 09:00:00,1.1292395484532889
2021-07-24 10:00:00,1.146664648481176
2021-07-24 11:00:00,1.1120097900069503
2021-07-24 12:00:00,1.047393551493493
2021-07-24 13:00:00,1.0827810820163426
2021-07-24 14:00:00,1.039006262007322
2021-07-24 15:00:00,0.9852765212405145
2021-07-24 16:00:00,0.9639135253863947
2021-07-24 17:00:00,0.9553197219329784
2021-07-24 18:00:00,0.9783000032966068
2021-07-24 19:00:00,1.0617380135872356
2021-07-24 20:00:00,0.8033336011980946
2021-07-24 21:00:00,0.8035895026132981
2021-07-24 22:00:00,1.1989439303456464
2021-07-24 23:00:00,0.8015183049352818
2021-07-25 00:00:00,0.7700500424781568
2021-07-25 01:00:00,0.7916566047264023
2021-07-25 02:00:00,0.815421863223945
2021-07-25 03:00:00,0.8099610957072371
2021-07-25 04:00:00,0.7640639244032648
2021-07-25 05:00:00,0.723507821115658
2021-07-25 06:00:00,0.6950403741701072
2021-07-25 07:00:00,0.6685728532226735
2021-07-25 08:00:00,0.6626082025974434
2021-07-25 09:00:00,0.6303649894147961
2021-07-25 10:00:00,0.6300850687980946
2021-07-25 11:00:00,0.6842345070818628
2021-07-25 12:00:00,0.6929403697241558
2021-07-25 13:00:00,0.7129404128020412
2021-07-25 14:00:00,0.7347141897034433
2021-07-25 15:00:00,0.7536770715096429
2021-07-25 16:00:00,0.7729773727304982
2021-07-25 17:00:00,0.7876943615434088
2021-07-25 18:00:00,0.811982504597429
2021-07-25 19:00:00,0.8375263347074794
2021-07-25 20:00:00,0.840878516479952
2021-07-25 21:00:00,0.82796516396219
2021-07-25 22:00:00,0.7474160263931418
2021-07-25 23:00:00,0.6847955051787946
2021-07-26 00:00:00,0.8171210934605503
2021-07-26 01:00:00,0.8390165629437288
2021-07-26 02:00:00,0.865290994788719
2021-07-26 03:00:00,0.8880196733504805
2021-07-26 04:00:00,0.8945550355118203
2021-07-26 05:00:00,0.8938321762204663
2021-07-26 06:00:00,0.8795157785699307
2021-07-26 07:00:00,0.8548552499046961
2021-07-26 08:00:00,0.8273204568826998
2021-07-26 09:00:00,0.8044267905694057
2021-07-26 10:00:00,0.7721937385498653
2021-07-26 11:00:00,0.7415247067153995
2021-07-26 12:00:00,0.662659170151093
2021-07-26 13:00:00,0.6488062642631739
2021-07-26 14:00:00,0.638935727426641
2021-07-26 15:00:00,0.6356436933008015
2021-07-26 16:00:00,0.6330592248378791
2021-07-26 17:00:00,0.6616861328464944
2021-07-26 18:00:00,0.664176311509652
2021-07-26 19:00:00,0.6722002814824375
2021-07-26 20:00:00,0.6763353347155275
2021-07-26 21:00:00,0.6765876105786828
2021-07-26 22:00:00,0.6783895217042679
2021-07-26 23:00:00,0.6720111565290505
2021-07-27 00:00:00,0.7306994083109167
2021-07-27 01:00:00,0.7301213803398744
2021-07-27 02:00:00,0.7259625753926077
2021-07-27 03:00:00,0.7222230208742886
2021-07-27 04:00:00,0.7168811911653084
2021-07-27 05:00:00,0.7090618963913432
2021-07-27 06:00:00,0.7031282022062463
2021-07-27 07:00:00,0.6960709650509074
2021-07-27 08:00:00,0.6857608299114075
2021-07-27 09:00:00,0.6788698101401709
2021-07-27 10:00:00,0.6714988167598085
2021-07-27 11:00:00,0.6688690313957678
2021-07-27 12:00:00,0.7116694841483501
2021-07-27 13:00:00,0.7212691319756028
2021-07-27 14:00:00,0.7290083444723413
2021-07-27 15:00:00,0.7335080641991306
2021-07-27 16:00:00,0.7353537619909226
2021-07-27 17:00:00,0.7351648736353212
2021-07-27 18:00:00,0.734757370106513
2021-07-27 19:00:00,0.7274563609166455
2021-07-27 20:00:00,0.7291226915635098
2021-07-27 21:00:00,0.7412250490575135
2021-07-27 22:00:00,0.7580452196549778
2021-07-27 23:00:00,0.7834746512416148
2021-07-28 00:00:00,0.7695993439436747
2021-07-28 01:00:00,0.7825214594414284
2021-07-28 02:00:00,0.7905252968454771
2021-07-28 03:00:00,1.2172330996646228
2021-07-28 04:00:00,1.2039052049497863
2021-07-28 05:00:00,1.1873284665454198
2021-07-28 06:00:00,0.8001605883702964
2021-07-28 07:00:00,0.7975552449251794
2021-07-28 08:00:00,1.2016715858674283
2021-07-28 09:00:00,1.128332132250985
2021-07-28 10:00:00,1.1070476688086124
2021-07-28 11:00:00,1.0944469903643779
2021-07-28 12:00:00,0.9994713808026822
2021-07-28 13:00:00,1.0148425430882324
2021-07-28 14:00:00,1.0052608837614372
2021-07-28 15:00:00,0.9575139769249276
2021-07-28 16:00:00,0.9401948969475477
2021-07-28 17:00:00,0.9279428004177989
2021-07-28 18:00:00,0.99393865007156
2021-07-28 19:00:00,1.023007005905211
2021-07-28 20:00:00,1.0506028640993292
2021-07-28 21:00:00,1.1918526359778088
2021-07-28 22:00:00,1.1694767468127185
2021-07-28 23:00:00,1.1011160469117758
2021-07-29 00:00:00,1.1519633573870873
2021-07-29 01:00:00,1.2115481585782044
2021-07-29 02:00:00,1.1691584743389236
2021-07-29 03:00:00,1.0840319737453987
2021-07-29 04:00:00,1.0494471146983877
2021-07-29 05:00:00,1.0366628722962863
2021-07-29 06:00:00,0.9970744837108224
2021-07-29 07:00:00,0.9811663827504299
2021-07-29 08:00:00,0.9481017708062579
2021-07-29 09:00:00,0.9168409101491996
2021-07-29 10:00:00,0.8901595098960741
2021-07-29 11:00:00,0.8422301122070411
2021-07-29 12:00:00,0.8163717932500542
2021-07-29 13:00:00,0.8329597248183233
2021-07-29 14:00:00,0.8447060568708883
2021-07-29 15:00:00,0.849076964503033
2021-07-29 16:00:00,0.4374245566134489
2021-07-29 17:00:00,0.4957909520639424
2021-07-29 18:00:00,0.5843659858869809
2021-07-29 19:00:00,0.7977598958539501
2021-07-29 20:00:00,0.8241296560094392
2021-07-29 21:00:00,0.8698703278726384
2021-07-29 22:00:00,0.8849295789266042
2021-07-29 23:00:00,0.8773117314185664
2021-07-30 00:00:00,0.8323480312615216
2021-07-30 01:00:00,0.8199065723088158
2021-07-30 02:00:00,0.804073583215981
2021-07-30 03:00:00,0.8023497275596937
2021-07-30 04:00:00,0.7827034780086112
2021-07-30 05:00:00,0.7534493465501956
2021-07-30 06:00:00,0.7322039597551769
2021-07-30 07:00:00,0.7140922803258586
2021-07-30 08:00:00,0.7170121472348489
2021-07-30 09:00:00,0.7108462348788372
2021-07-30 10:00:00,0.7051053175147385
2021-07-30 11:00:00,0.6977525969054078
2021-07-30 12:00:00,0.7242332983294176
2021-07-30 13:00:00,0.7081262690633496
2021-07-30 14:00:00,0.7020454918226618
2021-07-30 15:00:00,0.6999652090722256
2021-07-30 16:00:00,0.6962035263836365
2021-07-30 17:00:00,0.702234497231064
2021-07-30 18:00:00,0.670117523530159
2021-07-30 19:00:00,0.6596800556171114
2021-07-30 20:00:00,0.6514781074207411
2021-07-30 21:00:00,0.6442741582875002
2021-07-30 22:00:00,0.6402879409943698
2021-07-30 23:00:00,0.6322577404781997
2021-07-31 00:00:00,0.7280902970212667
2021-07-31 01:00:00,0.717928587300221
2021-07-31 02:00:00,0.7078126751053875
2021-07-31 03:00:00,0.6967522823523773
2021-07-31 04:00:00,0.6864265621994295
2021-07-31 05:00:00,0.6797981646128332
2021-07-31 06:00:00,0.6713269338967373
2021-07-31 07:00:00,0.6474927295713098
2021-07-31 08:00:00,0.6481859341602834
2021-07-31 09:00:00,0.6456964354596729
2021-07-31 10:00:00,0.6484560178648276
2021-07-31 11:00:00,0.6551289585612238
2021-07-31 12:00:00,0.643987782633612
2021-07-31 13:00:00,0.6640629925412281
2021-07-31 14:00:00,0.695909087079451
2021-07-31 15:00:00,0.7273518358486339
2021-07-31 16:00:00,0.7638279618653905
2021-07-31 17:00:00,0.7857788512951206
2021-07-31 18:00:00,0.8058640542456946
2021-07-31 19:00:00,1.0171734670270691
2021-07-31 20:00:00,1.0221663747600596
2021-07-31 21:00:00,1.0257758162688628
2021-07-31 22:00:00,1.0205225350833123
2021-07-31 23:00:00,1.039455111792504
2021-08-01 00:00:00,0.8913657554623166
2021-08-01 01:00:00,0.9529226465227961
2021-08-01 02:00:00,0.9399750100457726
2021-08-01 03:00:00,0.947929436841258
2021-08-01 04:00:00,0.9290705860816669
2021-08-01 05:00:00,0.9882360620102447
2021-08-01 06:00:00,0.9845195890239539
2021-08-01 07:00:00,0.9750719397588207
2021-08-01 08:00:00,0.9906379908690467
2021-08-01 09:00:00,0.9836959763480823
2021-08-01 10:00:00,0.9645705163424855
2021-08-01 11:00:00,1.0534777194095957
2021-08-01 12:00:00,1.0667340545652948
2021-08-01 13:00:00,1.0602866926712455
2021-08-01 14:00:00,0.9843197899757762
2021-08-01 15:00:00,0.9829497064462142
2021-08-01 16:00:00,1.0122464190984048
2021-08-01 17:00:00,1.0226433251320408
2021-08-01 18:00:00,0.9860922572980458
2021-08-01 19:00:00,0.9594436742577025
2021-08-01 20:00:00,0.953292952553478
2021-08-01 21:00:00,0.9717431439914356
2021-08-01 22:00:00,0.9711859422489985
2021-08-01 23:00:00,0.9960893292460943
2021-08-02 00:00:00,0.9993766117130406
2021-08-02 01:00:00,0.9827271421769824
2021-08-02 02:00:00,0.9699123100377712
2021-08-02 03:00:00,0.9459700460748134
2021-08-02 04:00:00,0.8897034375956027
2021-08-02 05:00:00,0.8829398179227078
2021-08-02 06:00:00,0.8250492600521041
2021-08-02 07:00:00,0.76414124867273
2021-08-02 08:00:00,0.7596413825392515
2021-08-02 09:00:00,0.7852892417632521
2021-08-02 10:00:00,0.5470844722628315
2021-08-02 11:00:00,0.5382984500751739
2021-08-02 12:00:00,0.7545072695286926
2021-08-02 13:00:00,0.7507578324942502
2021-08-02 14:00:00,0.7567920668533727
2021-08-02 15:00:00,0.7688665141628327
2021-08-02 16:00:00,0.7829697157204224
2021-08-02 17:00:00,0.7768277016745294
2021-08-02 18:00:00,0.8310768237325646
2021-08-02 19:00:00,0.875224095941136
2021-08-02 20:00:00,0.9905167724158427
2021-08-02 21:00:00,1.049218278130417
2021-08-02 22:00:00,1.0721352347794564
2021-08-02 23:00:00,1.0947894930001894
2021-08-03 00:00:00,1.0261236822565243
2021-08-03 01:00:00,1.0394129773063872
2021-08-03 02:00:00,1.0422393983494995
2021-08-03 03:00:00,1.0384585964566255
2021-08-03 04:00:00,1.0334084853882042
2021-08-03 05:00:00,1.0379991834312208
2021-08-03 06:00:00,1.0798282278297016
2021-08-03 07:00:00,1.1671730904080013
2021-08-03 08:00:00,1.251631683224952
2021-08-03 09:00:00,1.2889071049139733
2021-08-03 10:00:00,1.2998319064576846
2021-08-03 11:00:00,1.3137934507391749
2021-08-03 12:00:00,1.2450260012974705
2021-08-03 13:00:00,1.2620953588418786
2021-08-03 14:00:00,1.280404085478758
2021-08-03 15:00:00,1.3029249950310415
2021-08-03 16:00:00,1.3277593742437996
2021-08-03 17:00:00,1.3529015593163725
2021-08-03 18:00:00,1.371274503852779
2021-08-03 19:00:00,1.3859015878955037
2021-08-03 20:00:00,1.390781425259279
2021-08-03 21:00:00,1.3820312236635914
2021-08-03 22:00:00,1.368960679056854
2021-08-03 23:00:00,1.3468066800553748
2021-08-04 00:00:00,1.3150517298427227
2021-08-04 01:00:00,1.3228693631512447
2021-08-04 02:00:00,1.3385556644790118
2021-08-04 03:00:00,1.3573966305622909
2021-08-04 04:00:00,1.3627956304677906
2021-08-04 05:00:00,1.3488800952775097
2021-08-04 06:00:00,1.3310563779567035
2021-08-04 07:00:00,1.305842341311368
2021-08-04 08:00:00,1.2744258337209442
2021-08-04 09:00:00,1.2531089665013389
2021-08-04 10:00:00,1.2258712877458828
2021-08-04 11:00:00,1.209722828662618
2021-08-04 12:00:00,1.1783765276468978
2021-08-04 13:00:00,1.1742721708503647
2021-08-04 14:00:00,1.1733237355622308
2021-08-04 15:00:00,1.1852455598677731
2021-08-04 16:00:00,1.204091051660425
2021-08-04 17:00:00,1.2281733577087788
2021-08-04 18:00:00,1.2427096658007375
2021-08-04 19:00:00,0.9212736853106028
2021-08-04 20:00:00,1.3730572858775902
2021-08-04 21:00:00,1.2895722310697244
2021-08-04 22:00:00,1.1601527124259092
2021-08-04 23:00:00,1.0714042417423497
2021-08-05 00:00:00,0.7948980458696603
2021-08-05 01:00:00,0.8037145968380258
2021-08-05 02:00:00,0.7650450645995915
2021-08-05 03:00:00,0.7628069043428364
2021-08-05 04:00:00,0.746018485242211
2021-08-05 05:00:00,0.7421795244644195
2021-08-05 06:00:00,0.7559170126084233
2021-08-05 07:00:00,0.7505262336560984
2021-08-05 08:00:00,0.7424943499629361
2021-08-05 09:00:00,0.7345895888748973
2021-08-05 10:00:00,0.7368265065986233
2021-08-05 11:00:00,0.733880362249627
2021-08-05 12:00:00,0.8926946324187456
2021-08-05 13:00:00,0.9030080192882294
2021-08-05 14:00:00,0.9124603464193087
2021-08-05 15:00:00,0.9251181149817015
2021-08-05 16:00:00,0.9330227190740094
2021-08-05 17:00:00,0.940717355453775
2021-08-05 18:00:00,0.9417882407360519
2021-08-05 19:00:00,0.940694956421046
2021-08-05 20:00:00,0.9370745413529865
2021-08-05 21:00:00,0.9388531891957742
2021-08-05 22:00:00,0.9370691479758794
2021-08-05 23:00:00,0.9620677528211724
2021-08-06 00:00:00,1.1294112315078253
2021-08-06 01:00:00,1.1377079868190156
2021-08-06 02:00:00,1.1557846520932409
2021-08-06 03:00:00,1.1691924836268137
2021-08-06 04:00:00,1.1954171408469951
2021-08-06 05:00:00,1.2131813733551078
2021-08-06 06:00:00,1.2133861131186248
2021-08-06 07:00:00,1.2173724315817616
2021-08-06 08:00:00,1.219879115300311
2021-08-06 09:00:00,1.2169165339879655
2021-08-06 10:00:00,1.2098529988091726
2021-08-06 11:00:00,1.1639664687738338
2021-08-06 12:00:00,1.2371805140464622
2021-08-06 13:00:00,1.2288907034308305
2021-08-06 14:00:00,1.2116765799369356
2021-08-06 15:00:00,1.1997144803051032
2021-08-06 16:00:00,1.191225782926549
2021-08-06 17:00:00,1.17537928693691
2021-08-06 18:00:00,1.1674766604460547
2021-08-06 19:00:00,1.1595343215696485
2021-08-06 20:00:00,1.1462964791741699
2021-08-06 21:00:00,1.1396144085479467
2021-08-06 22:00:00,1.1333967059793253
2021-08-06 23:00:00,1.1074687510904062
2021-08-07 00:00:00,1.0463904506013986
2021-08-07 01:00:00,1.0258768956484312
2021-08-07 02:00:00,1.01542412375989
2021-08-07 03:00:00,0.9987613462239634
2021-08-07 04:00:00,0.9871428418549107
2021-08-07 05:00:00,0.9737901817051752
2021-08-07 06:00:00,0.962317115701936
2021-08-07 07:00:00,0.9566035612977511
2021-08-07 08:00:00,0.9472476265288746
2021-08-07 09:00:00,0.9294375576802073
2021-08-07 10:00:00,0.9222488393127216
2021-08-07 11:00:00,0.914019057518117
2021-08-07 12:00:00,0.8041116971259242
2021-08-07 13:00:00,0.8022528426166454
2021-08-07 14:00:00,0.7956765093117214
2021-08-07 15:00:00,0.796116385338172
2021-08-07 16:00:00,0.7909322015802608
2021-08-07 17:00:00,0.7913923779579165
2021-08-07 18:00:00,0.7873516330150571
2021-08-07 19:00:00,0.7946606997944584
2021-08-07 20:00:00,0.7953416772163174
2021-08-07 21:00:00,0.8002049945437072
2021-08-07 22:00:00,0.7963409067968595
2021-08-07 23:00:00,0.7941265010078636
2021-08-08 00:00:00,0.8740627943388762
2021-08-08 01:00:00,0.8703878371279469
2021-08-08 02:00:00,0.8638976783136915
2021-08-08 03:00:00,0.8617527472132948
2021-08-08 04:00:00,0.8598884309905935
2021-08-08 05:00:00,0.8603644598798365
2021-08-08 06:00:00,0.8681505023517214
2021-08-08 07:00:00,0.8926985376363622
2021-08-08 08:00:00,0.9008291470918318
2021-08-08 09:00:00,0.8948175164471347
2021-08-08 10:00:00,0.8709983132510709
2021-08-08 11:00:00,0.9471953816077122
2021-08-08 12:00:00,0.9267683593280936
2021-08-08 13:00:00,0.9202664414245242
2021-08-08 14:00:00,0.929144105250712
2021-08-08 15:00:00,0.9317506172027671
2021-08-08 16:00:00,0.9667050636109812
2021-08-08 17:00:00,0.9893862900594396
2021-08-08 18:00:00,1.007152110663257
2021-08-08 19:00:00,1.0251692587664007
2021-08-08 20:00:00,1.0591272973017423
2021-08-08 21:00:00,1.1020722342589508
2021-08-08 22:00:00,1.158479853468341
2021-08-08 23:00:00,1.2113981582163769
2021-08-09 00:00:00,1.313430270273319
2021-08-09 01:00:00,1.4267863606136182
2021-08-09 02:00:00,1.5248704081001176
2021-08-09 03:00:00,1.2805645855225276
2021-08-09 04:00:00,1.3633258479696893
2021-08-09 05:00:00,1.1489771899978483
2021-08-09 06:00:00,1.1743526324278621
2021-08-09 07:00:00,1.1834769641933198
2021-08-09 08:00:00,1.194665211202418
2021-08-09 09:00:00,1.2012478744051263
2021-08-09 10:00:00,1.2117426089440617
2021-08-09 11:00:00,1.2151940548808873
2021-08-09 12:00:00,1.185828201116591
2021-08-09 13:00:00,1.183319106554005
2021-08-09 14:00:00,1.1821420967340872
2021-08-09 15:00:00,1.1728043535519126
2021-08-09 16:00:00,1.1747027232323008
2021-08-09 17:00:00,1.1667522922841758
2021-08-09 18:00:00,1.1669299300854792
2021-08-09 19:00:00,1.1677233721538909
2021-08-09 20:00:00,1.1691321314154661
2021-08-09 21:00:00,1.170850849944271
2021-08-09 22:00:00,1.1693918970258943
2021-08-09 23:00:00,1.1732832359738938
2021-08-10 00:00:00,1.1641863309339626
2021-08-10 01:00:00,1.1691839051496238
2021-08-10 02:00:00,1.174404403869622
2021-08-10 03:00:00,1.1819318118609103
2021-08-10 04:00:00,1.1866553137800455
2021-08-10 05:00:00,1.1965423624305622
2021-08-10 06:00:00,1.1927483297037789
2021-08-10 07:00:00,1.1896122509617135
2021-08-10 08:00:00,1.1951403215663277
2021-08-10 09:00:00,1.1936171727633729
2021-08-10 10:00:00,1.1948981779996304
2021-08-10 11:00:00,1.198661353071237
2021-08-10 12:00:00,1.1921371740085551
2021-08-10 13:00:00,1.1939789476310072
2021-08-10 14:00:00,1.191684506501168
2021-08-10 15:00:00,1.194242617553655
2021-08-10 16:00:00,1.1929419767791958
2021-08-10 17:00:00,1.192905604338079
2021-08-10 18:00:00,1.1931361168687813
2021-08-10 19:00:00,1.193330933672718
2021-08-10 20:00:00,1.1935905904455828
2021-08-10 21:00:00,1.194114480685822
2021-08-10 22:00:00,1.1958897933517645
2021-08-10 23:00:00,1.186518514012217
2021-08-11 00:00:00,1.2117426449631525
2021-08-11 01:00:00,1.2079841245467158
2021-08-11 02:00:00,1.2045024922291727
2021-08-11 03:00:00,1.1974614451487158
2021-08-11 04:00:00,1.1973398442099963
2021-08-11 05:00:00,1.1940062946433223
2021-08-11 06:00:00,1.1898067908431336
2021-08-11 07:00:00,1.1838538272527035
2021-08-11 08:00:00,1.179576948629318
2021-08-11 09:00:00,1.1797394362522329
2021-08-11 10:00:00,1.182722289411198
2021-08-11 11:00:00,1.1960463723474821
2021-08-11 12:00:00,1.23132504285859
2021-08-11 13:00:00,1.2377764035952783
2021-08-11 14:00:00,1.238364120839981
2021-08-11 15:00:00,1.2426504006184782
2021-08-11 16:00:00,1.2386139761567463
2021-08-11 17:00:00,1.254890607296098
2021-08-11 18:00:00,1.2573882558002272
2021-08-11 19:00:00,1.2839202718737204
2021-08-11 20:00:00,1.2909858987766658
2021-08-11 21:00:00,1.279893582174375
2021-08-11 22:00:00,1.2811054837833589
2021-08-11 23:00:00,1.269833094628896
2021-08-12 00:00:00,1.23956516721507
2021-08-12 01:00:00,1.2363402310779013
2021-08-12 02:00:00,1.23427601503114
2021-08-12 03:00:00,1.2424875278705743
2021-08-12 04:00:00,1.2482553665800333
2021-08-12 05:00:00,1.2636361065274269
2021-08-12 06:00:00,1.307506141495615
2021-08-12 07:00:00,1.3630157301038037
2021-08-12 08:00:00,1.4107417742208541
2021-08-12 09:00:00,1.4328031672745707
2021-08-12 10:00:00,1.4502302519950734
2021-08-12 11:00:00,1.4511929997212674
2021-08-12 12:00:00,1.4077279972756755
2021-08-12 13:00:00,1.4118623899116653
2021-08-12 14:00:00,1.409854084243593
2021-08-12 15:00:00,1.3977922704535655
2021-08-12 16:00:00,1.3801104672052087
2021-08-12 17:00:00,1.3607942513642104
2021-08-12 18:00:00,1.3213109052406122
2021-08-12 19:00:00,1.2934629893759026
2021-08-12 20:00:00,1.272008356484095
2021-08-12 21:00:00,1.2483021357783204
2021-08-12 22:00:00,1.2264768664973504
2021-08-12 23:00:00,1.202829051892855
2021-08-13 00:00:00,1.163889720690012
2021-08-13 01:00:00,1.140198616577603
2021-08-13 02:00:00,1.1098962714558305
2021-08-13 03:00:00,1.0848782587417283
2021-08-13 04:00:00,1.055560445505126
2021-08-13 05:00:00,1.0333975029104285
2021-08-13 06:00:00,1.0060698103562267
2021-08-13 07:00:00,0.9903569879862978
2021-08-13 08:00:00,0.9726211890753113
2021-08-13 09:00:00,0.9595745552357254
2021-08-13 10:00:00,0.9488741089034057
2021-08-13 11:00:00,0.9381353826539399
2021-08-13 12:00:00,0.9167421255998726
2021-08-13 13:00:00,0.9143309992148193
2021-08-13 14:00:00,0.9146742007848455
2021-08-13 15:00:00,0.9250589999047353
2021-08-13 16:00:00,0.9303332036819344
2021-08-13 17:00:00,0.9432976118738864
2021-08-13 18:00:00,0.9597538741231849
2021-08-13 19:00:00,0.9699800115029332
2021-08-13 20:00:00,0.9052293984164842
2021-08-13 21:00:00,0.9030520694113399
2021-08-13 22:00:00,0.8820202181419056
2021-08-13 23:00:00,0.8557123021907723
2021-08-14 00:00:00,0.889000362731671
2021-08-14 01:00:00,0.8761599032518724
2021-08-14 02:00:00,0.8639213652368806
2021-08-14 03:00:00,0.8456438514669163
2021-08-14 04:00:00,0.8331756472442883
2021-08-14 05:00:00,0.8283309966001248
2021-08-14 06:00:00,0.9535460187580161
2021-08-14 07:00:00,0.9596700874630993
2021-08-14 08:00:00,0.9654830423745265
2021-08-14 09:00:00,0.9572924740150436
2021-08-14 10:00:00,0.942820152433581
2021-08-14 11:00:00,0.9362545925684099
2021-08-14 12:00:00,1.0032019054868557
2021-08-14 13:00:00,0.9978961225324307
2021-08-14 14:00:00,0.9916984291108312
2021-08-14 15:00:00,0.9848098813266896
2021-08-14 16:00:00,0.9775531174837068
2021-08-14 17:00:00,0.9696215198806643
2021-08-14 18:00:00,0.9600819941841762
2021-08-14 19:00:00,0.9471717550984823
2021-08-14 20:00:00,0.8143010764349697
2021-08-14 21:00:00,0.8054750651615362
2021-08-14 22:00:00,0.7946482892216985
2021-08-14 23:00:00,0.7924995400581302
2021-08-15 00:00:00,0.8888055741277728
2021-08-15 01:00:00,0.8854963721989161
2021-08-15 02:00:00,0.8860190917348459
2021-08-15 03:00:00,0.8801395619094482
2021-08-15 04:00:00,0.8746083905090406
2021-08-15 05:00:00,0.8706418479832002
2021-08-15 06:00:00,0.8594185984992001
2021-08-15 07:00:00,0.8559337991908914
2021-08-15 08:00:00,0.8450858645218781
2021-08-15 09:00:00,0.8308027249695421
2021-08-15 10:00:00,0.7338434245226201
2021-08-15 11:00:00,0.7291221569845435
2021-08-15 12:00:00,0.71143501873263
2021-08-15 13:00:00,0.7106120899250118
2021-08-15 14:00:00,0.7105360702381819
2021-08-15 15:00:00,0.709853850549213
2021-08-15 16:00:00,0.7277824469019537
2021-08-15 17:00:00,0.7316564954855956
2021-08-15 18:00:00,0.7477457306321854
2021-08-15 19:00:00,0.7672096296830507
2021-08-15 20:00:00,0.7899592571366384
2021-08-15 21:00:00,0.8058035437066006
2021-08-15 22:00:00,0.8190656038177789
2021-08-15 23:00:00,0.8420460218061686
2021-08-16 00:00:00,0.8404671906796598
2021-08-16 01:00:00,0.9497390452815199
2021-08-16 02:00:00,0.9541383464044951
2021-08-16 03:00:00,0.9632437103654338
2021-08-16 04:00:00,0.9592647148719252
2021-08-16 05:00:00,0.7344670504270256
2021-08-16 06:00:00,0.7332821486717307
2021-08-16 07:00:00,0.7355215106355506
2021-08-16 08:00:00,0.7405773133999137
2021-08-16 09:00:00,0.7463768169961826
2021-08-16 10:00:00,0.7293239420081888
2021-08-16 11:00:00,0.7339562293632774
